Name,Type of Sell,Category,MRP,Best Price,Manufacturer
"Natuur Oudh,Vetiver,Patchouli Body Butter",jar of 100 gm Cream,Natural Hair & Skin Care,350,350,Natuur
Natuur Oudh-Gardenia-Lime Body Lotion,jar of 100 gm Lotion,Natural Hair & Skin Care,250,250,Natuur
Natuur Pure Aloe Vera Gel,jar of 100 gm Gel,Natural Hair & Skin Care,200,200,Natuur
Natuur Pure Rose Water,bottle of 200 ml Liquid,Natural Hair & Skin Care,350,350,Natuur
Natuur Rose & Vetiver Natural Skin Cleansing Body Wash,bottle of 200 ml Body Wash,"Summer Essentials , Acne Care , Bath Essentials",325,325,Natuur
Natuur Rose Essential Glow Body Butter,jar of 100 gm Cream,Natural Hair & Skin Care,350,339,Natuur
Natuur Rose Lip Balm,jar of 15 gm Balm,Natural Hair & Skin Care,225,225,Natuur
Natuur Teeth Whitening Powder,packet of 100 gm Powder,"Natural Hair & Skin Care , Ayurveda , Oral Care",150,150,Natuur
Natuur Vanilla Body Butter,jar of 100 gm Cream,Natural Hair & Skin Care,350,339,Naturoman
Natuur Vanilla Spice Body Butter,jar of 100 gm Cream,Natural Hair & Skin Care,350,339,Natuur
Natuur Vanilla+Sandalwood Purifying Soap,box of 100 gm Soap,Bath Essentials,225,225,Natuur
Natvie 200 Capsule,strip of 10 capsules,"Fitness and Supplements , Vitamin and Supplements",112.9,96,Franco-Indian Pharmaceuticals Pvt Ltd
Natvie 200 Capsule,strip of 15 capsules,Vitamin and Supplements,186,161,Franco-Indian Pharmaceuticals Pvt Ltd
Natvie 400 Capsule,strip of 15 capsules,Vitamin and Supplements,327,327,Franco-Indian Pharmaceuticals Pvt Ltd
Natvie C Capsule,strip of 10 capsules,Vitamin and Supplements,101.67,86,Franco-Indian Pharmaceuticals Pvt Ltd
Natvie Forte Capsule,strip of 10 capsules,Heart Care,219.66,209,Franco-Indian Pharmaceuticals Pvt Ltd
Natvie Gold Capsule,strip of 15 capsules,Vitamin and Supplements,489,416,Franco-Indian Pharmaceuticals Pvt Ltd
Naulakha A-One All In One Vaporizer,box of 1 Unit,Nebulisers and Vapourisers,470,470,Naulakha Industries
Naulakha Bed Pan Premium,packet of 1 Bed Pan,Doctor's Corner,390,367,Naulakha Industries
Naulakha Blood Lancets,box of 100 lancets,Doctor's Corner,285,285,Naulakha Industries
Naulakha Infra Red Forehead Thermometer,box of 1 Unit,"Thermometers , Thermometers , Covid Test & Prevention",7999,1269,Naulakha Industries
Naulakha Sleek All in One Vaporizer,box of 1 Unit,Nebulisers and Vapourisers,470,312,Naulakha Industries
Naulakha Specimen Container,packet of 1 Container,Doctor's Corner,17,16.66,Naulakha Industries
Naulakha Urine Pot for Male Pkt-27 2-IN-1 (Large),packet of 1 Unit,"Doctor's Corner , Men Care",210,210,Naulakha Industries
Naulakha Vaporizer Sleek,box of 1 Unit,"Nebulisers and Vapourisers , Doctor's Corner",470,470,Naturoman
Nauseal Plus Tablet,strip of 10 tablets,Vitamin and Supplements,120,114,Redicine Laboratories Pvt Ltd
Nauty Mood Condom Chocolate,packet of 3 condoms,"Condoms , Men Care , Sexual Wellness",30,30,Ankran Biotech Pvt Ltd
Nauty Mood Condom Strawberry,packet of 3 condoms,"Men Care , Sexual Wellness , Condoms",30,30,Ankyl Earth Pharmaceuticals Pvt Ltd
Nav Jiwan Istri Ratna Syrup,bottle of 200 ml Syrup,"Ayurveda , Women Care",112,112,Navil Laboratories Pvt Ltd
Navakesh Capsule,strip of 10 capsules,Hair Growth For Men,130,121,Transced Therapeutics
Navchetana Kendra Always Fit Syrup,bottle of 200 ml Syrup,"Stomach Care , Mental Wellness , Ayurveda",290,261,Navchetana Kendra Healthcare Pvt Ltd
Navchetana Kendra Arjuna Cardiac Care Tablet,bottle of 60 tablets,Ayurveda,145,131,Navchetana Kendra Healthcare Pvt Ltd
Navchetana Kendra Ashwagandha Stress Reliever Tablet,bottle of 60 tablets,"Ashwagandha (Immunity & Stress) , Ayurveda , Mental Wellness , Herbs",195,166,Navchetana Kendra Healthcare Pvt Ltd
Navchetana Kendra Ayush Kwath Immunity Booster Tablet,bottle of 60 tablets,Ayurveda,165,157,Navchetana Kendra Healthcare Pvt Ltd
Navchetana Kendra Ayush Kwath Powder,packet of 100 gm Powder,Ayurveda,165,149,Navchetana Kendra Healthcare Pvt Ltd
Navchetana Kendra Bramhi Mind Wellness Tablet,bottle of 60 tablets,Ayurveda,175,158,Navchetana Kendra Healthcare Pvt Ltd
Navchetana Kendra Cissus Quadrangularis Extract Tablet,bottle of 60 tablets,Ayurveda,550,454,Navchetana Kendra Healthcare Pvt Ltd
Navchetana Kendra Garlic Extract Tablet,bottle of 60 tablets,Ayurveda,155,140,Navchetana Kendra Healthcare Pvt Ltd
Navchetana Kendra Giloy Immunity Booster Tablet,bottle of 60 tablets,"Stomach Care , Ayurveda",190,157,Navchetana Kendra Healthcare Pvt Ltd
Navchetana Kendra Harida Extract Tablet,bottle of 60 tablets,Ayurveda,295,266,Navchetana Kendra Healthcare Pvt Ltd
Navchetana Kendra Karela Extract Tablet,bottle of 60 tablets,"Skin Care , Weight Management , Ayurveda",?165,149,Navchetana Kendra Healthcare Pvt Ltd
Navchetana Kendra Nabh Hari Kesh Oil,bottle of 100 ml Oil,"Ayurveda , Hair Care , Natural Hair & Skin Care",?390,371,Navchetana Kendra Healthcare Pvt Ltd
Navchetana Kendra Natural Green Lipped Capsule,bottle of 60 capsules,"Pain Relief , Ayurveda",?1650,1485,Navchetana Kendra Healthcare Pvt Ltd
Navchetana Kendra Nav Cough Care Syrup,bottle of 100 ml Syrup,Ayurveda,?115,95,Navchetana Kendra Healthcare Pvt Ltd
Navchetana Kendra Ortho Joints Oil,bottle of 100 ml Oil,"Ayurveda , Pain Relief",?190,185,Navchetana Kendra Healthcare Pvt Ltd
Navchetana Kendra Pangs Total Piles Cure Capsule,bottle of 30 capsules,"Piles, Fissures & Fistula , Ayurveda",?750,632,Navchetana Kendra Healthcare Pvt Ltd
Navchetana Kendra Spirulina Capsule,bottle of 60 capsules,Ayurveda,?550,454,Navchetana Kendra Healthcare Pvt Ltd
Navchetana Kendra Spirulina Extract Tablet,bottle of 60 tablets,"Stomach Care , Mental Wellness , Ayurveda",?500,413,Navashya Consumer Products Private Limited
Navchetana Kendra Triphala Bowel Wellness Tablet,bottle of 60 tablets,"Ayurveda , Kidney Care , Stomach Care",?145,135,Navchetana Kendra Healthcare Pvt Ltd
Navchetana Kendra Tulsi Extract Tablet,bottle of 60 tablets,Ayurveda,?155,148,Navchetana Kendra Healthcare Pvt Ltd
Navgarh Desire Up Male Aphrodisiac Capsule,bottle of 30 capsules,"Men Performance Enhancers , Ayurveda , Sexual Wellness",?800,720,Mahhaguru Navgrah Private Ltd
Navgarh Fire Up Male Aphrodisiac Capsule,bottle of 30 capsules,"Musli (Vitality & Sexual Wellness) , Men Performance Enhancers , Ashwagandha (Immunity & Stress) , Sexual Wellness , Shilajit (Men Sexual Wellness) , Herbs , Ayurveda",?900,819,Mahhaguru Navgrah Private Ltd
Navgarh Slim Up Capsule,bottle of 30 capsules,"Ayurveda , Weight Management",?700,630,Mahhaguru Navgrah Private Ltd
Navgarh Tone Up Capsule,bottle of 30 capsules,"Ayurveda , Weight Management , Herbs",?700,630,Mahhaguru Navgrah Private Ltd
Navgarh Vigour Up Capsule,bottle of 30 capsules,"Men Performance Enhancers , Ginseng (Improves Cognition) , Sexual Wellness , Ayurveda , Speciality Supplements , Herbs",?900,810,Mahhaguru Navgrah Private Ltd
Navgrah Diabcure M Diabetes Capsule (Morning Capsule),bottle of 30 capsules,Ayurveda,700,700,Mahhaguru Navgrah Private Ltd
Navgrah Diabcure N Diabetes Capsule (Evening Capsule),bottle of 30 capsules,Ayurveda,700,700,Mahhaguru Navgrah Private Ltd
Navgrah Fboost Up Capsule,bottle of 30 capsules,Ayurveda,600,600,Mahhaguru Navgrah Private Ltd
Navgrah Health Up Capsule,bottle of 30 capsules,Immunity Boosters,650,650,Mahhaguru Navgrah Private Ltd
Navgrah Immunity Builder Drop,bottle of 10 ml Drop,"Ashwagandha (Immunity & Stress) , Turmeric , Herbs , Immunity Boosters , Ayurveda",?200,180,Mahhaguru Navgrah Private Ltd
Navgrah Immunity Builder Drop,bottle of 30 ml Drop,"Herbs , Ayurveda , Ashwagandha (Immunity & Stress) , Turmeric , Immunity Boosters",?499,449,Mahhaguru Navgrah Private Ltd
Navgun Oral Drops Strawberry,bottle of 30 ml Oral Drops,"Ayurveda , Cold & Cough",50,50,Kee Pharma
Navgun P Syrup Strawberry,bottle of 60 ml Syrup,"Ayurveda , Cold & Cough",63,63,Kee Pharma
Navgun Syrup Sugar Free Strawberry,bottle of 100 ml Syrup,Cold & Cough,?83,81.34,Kee Pharma
Navgun-Ho Cough Syrup Strawberry,bottle of 100 ml Syrup,"Ayurveda , Cold & Cough",77,77,Kee Pharma
Navibrite AS Gel,tube of 10 gm Gel,Skin Care,395,395,Sedge Bioceuticals Inc India
Navibrite G Intense Skin Lightening Cream,tube of 20 gm Cream,Skin Care,540,540,Sedge Bioceuticals Inc India
Navical Tablet,strip of 10 tablets,Vitamin and Supplements,?44.45,39,Navil Laboratories Pvt Ltd
Navical Tablet,strip of 20 tablets,Vitamin and Supplements,?75,66,Navil Laboratories Pvt Ltd
Navifert Sachet Orange Sugar Free,packet of 30 tablets,Vitamin and Supplements,?375,338,Mediquest Inc.
Navifert Sachet Orange Sugar Free,sachet of 5 gm Granules,"Protein Supplements , Amino Acids",?49.5,44,Mediquest Inc.
Naviglobin Drop,packet of 15 ml Drop,Ayurveda,74.7,74.7,Navil Laboratories Pvt Ltd
Naviglobin P Suspension,bottle of 200 ml Suspension,Vitamin and Supplements,?93,79,Navil Laboratories Pvt Ltd
Naviglobin Syrup,bottle of 300 ml Syrup,"Vitamin and Supplements , Fitness and Supplements",?155,138,Navil Laboratories Pvt Ltd
Naviglobin XT Tablet,strip of 10 tablets,"Ayurveda , Vitamin and Supplements",115,115,Navil Laboratories Pvt Ltd
Navion 400 Softgel Capsule,strip of 10 soft gelatin capsules,Vitamin and Supplements,?55,48,Napsko Healthcare Private Limited
Naviron Syrup,bottle of 200 ml Syrup,"Mineral Supplements , Ayurveda , Vitamin and Supplements",?125,119,Navil Laboratories Pvt Ltd
Naviron Tablet,strip of 10 tablets,"Mineral Supplements , Ayurveda , Vitamin and Supplements",?98,93,Navil Laboratories Pvt Ltd
Navishield Anhydrous Soft Gel,tube of 50 gm Gel,"Summer Essentials , Sunscreen Products , Skin Care",700,700,Sedge Bioceuticals Inc India
Navishield OC Anhydrous Soft-Gel SPF 30,tube of 30 gm Gel,"Sunscreen Products , Skin Care",395,395,Sedge Bioceuticals Inc India
Navishield UV Cream SPF 50+,tube of 50 ml Cream,"Summer Essentials , Sunscreen Products , Skin Care",700,700,Sedge Bioceuticals Inc India
Navitus Cream,jar of 50 gm Cream,Skin Care,700,700,Sedge Bioceuticals Inc India
Navitus Hair Regrowth Serum,bottle of 60 ml Serum,Hair Care,1200,1200,Sedge Bioceuticals Inc India
Navitus Moisturising Lotion,tube of 100 ml Lotion,Skin Care,295,295,Sedge Bioceuticals Inc India
Navitus Ultra Advance Moisturizing Lotion,bottle of 100 gm Lotion,Skin Care,1100,1100,Sedulus Remedies
Navjeewan Being Slim Capsule,bottle of 60 capsules,Weight Management,600,570,Sri Navjeewan Rasayanshala
Navjeewan Brahma Rasayan Powder,jar of 500 gm Powder,"Herbs , Ayurveda",330,320,Sri Navjeewan Rasayanshala
Navjeewan Calci-Nav Tablet,bottle of 30 tablets,"Bone, Joint & Muscle Care",450,427,Sri Navjeewan Rasayanshala
Navjeewan Chyavanprash (Asvarg-Yukta),jar of 1 kg Paste,"Immunity Boosters , Chaywanprash , Chyawanprasha",450,420,Sri Navjeewan Rasayanshala
Navjeewan Chyavanprash (Asvarg-Yukta),jar of 500 gm Paste,"Immunity Boosters , Chaywanprash , Chyawanprasha",250,235,Sri Navjeewan Rasayanshala
Navjeewan Fe-Vita-C Tablet,bottle of 30 tablets,"Vitamin C , Vitamin and Supplements , Immunity Boosters",135,127,Sri Navjeewan Rasayanshala
Navjeewan Kaunchpaka Granules,jar of 200 gm Granules,"Sexual Health Supplements , Sexual Wellness , Men Care",220,209,Sri Navjeewan Rasayanshala
Navjeewan Kumkumadi Tailam,bottle of 15 ml Oil,Ayurveda,230,230,Sri Navjeewan Rasayanshala
Navjeewan Maha Vishgarbh Tailam,bottle of 100 ml Oil,Pain Relief,280,272,Sri Navjeewan Rasayanshala
Navjeewan Maha-Bhringraj Tail,bottle of 200 ml Oil,"Natural Hair & Skin Care , Hair Oils",250,242,Sri Navjeewan Rasayanshala
Navjeewan Scyati-Nav Tablet,bottle of 30 tablets,"Bone, Joint & Muscle Care",150,145,Sri Navjeewan Rasayanshala
Navjeewan Shiva Gutika,bottle of 50 gm Tablet,Immunity Boosters,800,712,Sri Navjeewan Rasayanshala
Navjeewan Shwas-No Gold Capsule,bottle of 30 capsules,Respiratory Care,1500,1425,Sri Navjeewan Rasayanshala
Navjeewan Snayu-Heal Tablet,bottle of 30 tablets,"Bone, Joint & Muscle Care",999,950,Sri Navjeewan Rasayanshala
Navjeewan Vedna-Har Tablet,bottle of 30 tablets,Ayurveda,180,175,Sri Jain Ayurvedic Pharmacy
Navjeewan Vr. Manjisthadi Choorna,bottle of 100 gm Churna,"Speciality Supplements , Stomach Care",140,133,Sri Navjeewan Rasayanshala
Navkar Copper Tongue Cleaner,packet of 1 Tongue Cleaner,Oral Care,299,207,Suchi Industries Limited
Navkar Steel Tongue Cleaner,packet of 1 Tongue Cleaner,Oral Care,249,197,Suchi Industries Limited
Navkar Steel Tongue Cleaner,packet of 2 Tongue Cleaners,Oral Care,399,298,Suchi Industries Limited
Navosal Advanced Medicated Cleansing Bar,packet of 100 gm Soap,"Acne Care , Bath Essentials",151,143,Prism Life Sciences Ltd
Navratna Ayurvedic Cool Hair Oil,bottle of 100 ml Oil,"Hair Oils , Ayurveda Top Brands , Natural Hair & Skin Care",80,78.4,Emami Ltd
Navratna Cool Ayurvedic Oil,bottle of 200 ml Oil,"Hair Oils , Natural Hair & Skin Care , Ayurveda Top Brands",145,123,Emami Ltd
Navratna Cool Ayurvedic Oil,bottle of 300 ml Oil,"Hair Care , Natural Hair & Skin Care , Ayurveda Top Brands , Ayurveda , Hair Oils",198,168,Emami Ltd
Navratna Cool Ayurvedic Oil,bottle of 500 ml Oil,"Summer Essentials , Natural Hair & Skin Care , Ayurveda Top Brands , Hair Oils",330,281,Emami Ltd
Navratna Gold Ayurvedic Cool Oil,bottle of 200 ml Oil,"Hair Oils , Hair Care , Pain Relief , Ayurveda , Mental Wellness , Natural Hair & Skin Care",180,131,Emami Ltd
Navratna Gold Ayurvedic Cool Oil,bottle of 300 ml Oil,"Hair Care , Mental Wellness , Natural Hair & Skin Care , Hair Oils , Ayurveda , Pain Relief",250,212,Emami Ltd
Navratna Gold Ayurvedic Oil Cool,bottle of 500 ml Oil,"Pain Relief , Mental Wellness",400,328,Dr Willmar Schwabe India Pvt Ltd
Navyug Hair Oil,bottle of 100 ml Oil,"Natural Hair & Skin Care , Hair Oils",150,150,
Nax Face Wash,tube of 75 ml Face Wash,"Acne Care , Face Wash , Summer Essentials",130,117,Galcare Pharmaceutical Pvt Ltd
Naxolact Syrup,bottle of 100 ml Syrup,Fitness and Supplements,105,89,Numed
Naxy Nasal Drops,bottle of 10 ml Nasal Drops,Cold & Cough,49,45,Chem + Med Pharmaceuticals
Nazalin A Decongestant Drops,bottle of 10 ml Nasal Drops,Cold & Cough,51.85,46,Bell Pharma Pvt Ltd
Nazalin P Nasal Decongestant Drops,bottle of 10 ml Nasal Drops,Cold & Cough,24.85,22,Bell Pharma Pvt Ltd
Nazoden Nasal Drops,bottle of 10 ml Nasal Drops,Cold & Cough,37,33,Laborate Pharmaceuticals India Ltd
Nazolin Nasal Drops,bottle of 10 ml Nasal Drops,Cold & Cough,35.5,31,Santiago Lifesciences Pvt Ltd
Nazome Baby 0.025% Nasal Drops,bottle of 10 ml Nasal Drops,"Baby Healthcare , Cold & Cough , Baby Care",65,55,Clyde Pharmaceuticals Pvt Ltd
Nazome Paediatric 0.05% Nasal Drops,bottle of 10 ml Nasal Drops,Cold & Cough,81.49,76,Clyde Pharmaceuticals Pvt Ltd
Nazone Nasal Spray,packet of 100 ml Nasal Spray,Cold & Cough,230,230,Zydus Cadila
Nazone Saline Nasal Drops,packet of 10 ml Nasal Drops,Cold & Cough,43,41,
Ncal Tablet,strip of 15 tablets,"Bone, Joint & Muscle Care",39.12,34,Abbott
Ncfer Syrup,bottle of 200 ml Syrup,Vitamin and Supplements,139,122,Santis Pharmaceuticals Private Limited
Ncfer Tablet,strip of 10 tablets,"Vitamin and Supplements , Vitamins A-Z",99,87,Santis Pharmaceuticals Private Limited
Ncviz-Q 10 Capsule,strip of 10 capsules,Vitamin and Supplements,700,595,Cellgen Biopharma
Neasta Capsule,strip of 10 capsules,Vitamin and Supplements,169,144,Organic Laboratories
Neasta Syrup,bottle of 200 ml Syrup,"Vitamin and Supplements , Ayurveda",66.12,66.12,Organix Herbolic
Nebair Portable Mesh Nebulizer,box of 1 Unit,Nebulisers and Vapourisers,4950,4703,Zydus Cadila
Nebuflo Portable Mesh Nebulizer,box of 1 Unit,Nebulisers and Vapourisers,4000,4000,Cipla Ltd
Nebula NO 113 Cervical Regular U Foam Pillow,box of 1 Pillow,"Bone, Joint & Muscle Care , Supports & Braces",750,735,Nebula Orthosys
Nebula NR 102 L S Support (Fiber Plate) Medium Grey,box of 1 Belt,Supports & Braces,750,735,Nebula Orthosys
Nebula NR 141 Soft Cervical Collar Large Cream,box of 1 Unit,"Supports & Braces , Bone, Joint & Muscle Care",325,325,Nebula Orthosys
Nebula NR 154 Elastic Thumb Wrist Brace Universal Black,box of 1 Unit,"Supports & Braces , Bone, Joint & Muscle Care",175,175,Nebula Orthosys
Nebula NR 155 Elastic Wrist Brace D.L. XL Black,box of 1 Unit,"Bone, Joint & Muscle Care , Supports & Braces",175,166.25,Nebula Orthosys
Nebula NR 156 Elastic Wrist Brace S.L. Universal Black,box of 1 Unit,"Ayurveda , Supports & Braces",200,200,Nebula Orthosys
Nebula NR 157 Tennies Elbow Brace with Pad Universal Black,box of 1 Unit,Supports & Braces,275,275,Nebula Orthosys
Nebula NR 159 Elastic 4 Way Tennis Elbow Cap 9 inch Extra Large Cream,box of 1 Unit,Supports & Braces,175,175,Nebula Orthosys
Nebula NR 161 Premium Thumb Wrist Support Universal Black,box of 1 Unit,Supports & Braces,275,266.75,Nebula Orthosys
Nebula NR 172 Elastic Knee Support 12 inch XL Black,box of 1 Unit,Supports & Braces,325,325,Nebula Orthosys
Nebula NR 181 Prem. P.O. Hinged Knee Brace 12 inch XXL Black,box of 1 Unit,Supports & Braces,1200,1176,Nebula Orthosys
Nebula NR 182 Elastic 4 Way Calf Support Medium Cream,box of 1 Unit,Supports & Braces,225,216,Nebula Orthosys
Nebula NR 201 Elastic Ankle Support 12 inch Medium Cream,box of 1 Unit,Supports & Braces,325,325,Nebula Orthosys
Nebula NR 202 Elastic Ankle Binder (Fig.8) Large Black,box of 1 Unit,Supports & Braces,225,216,Nebula Orthosys
Nebula NR 206 Elastic Ankle Support 4 Way 12 inch Medium Cream,box of 1 Unit,Supports & Braces,375,368,Nec Pharmaceuticals
Nebula NR 265 Abdominal Binder 9 inch Universal Black,box of 1 Belt,Supports & Braces,525,515,Nebula Orthosys
Neclife Foot Smooth Antiseptic Cream,tube of 25 gm Cream,Natural Hair & Skin Care,62.7,62.7,Nectar Biopharma Pvt Limited
Neclife Getnews Plus Pregnancy Test,packet of 1 Test Kit,"Women Care , Sexual Wellness",70,70,Nectar Biopharma Pvt Limited
Neclife Glucosure Plus Glucometer,packet of 1 Unit,"Devices , Blood Glucose Monitors , Diabetes",2400,2158,Nectar Remedies Ltd
Neclife Miss Wash Intimate Hygiene Cleanser,bottle of 100 ml Vaginal Wash,"Women Care , Feminine Hygiene",182.05,182.05,Nectar Biopharma Pvt Limited
Neclife Powertin DF Powder Chocolate Cardamom,Tin of 200 gm Powder,Nutritional Drinks,505,480,Nectar Biopharma Pvt Limited
Neclife Powertin Protein Powder,Tin of 200 gm Powder,Nutritional Drinks,380,354,Nectar Biopharma Pvt Limited
Neclife's Ors Powder,packet of 21.8 gm Powder,"Health Food and Drinks , Summer Essentials",18.99,17,Nectar Remedies Ltd
Necrid Ointment,tube of 15 gm Ointment,Ayurveda,102.36,102.36,Lupin Ltd
Nectar Acne Shine Medicated Soap,box of 75 gm Soap,"Acne Care , Bath Essentials",90.2,90.2,Nectar BioPharma Pvt Ltd
Nectar Orthoactive Oil,bottle of 120 ml Oil,"Bone, Joint & Muscle Care",295,295,Nectar BioPharma Pvt Ltd
Nectar Stevia Powder,bottle of 50 gm Powder,"Sugar Substitutes , Diabetes",140,140,Quaint Labs Food Products
Nectar Stevia Powder,packet of 50 gm Powder,"Diabetes , Sugar Substitutes , Diabetic Medicine",180,180,Quaint Labs Food Products
Nectar Valley Amla Powder,jar of 250 gm Powder,"Immunity Boosters , Hair Growth Supplements , Speciality Supplements , Ayurveda , Herbs",275,267,Bionova Lifesciences
Nectar Valley Apple Cider Vinegar with Mother,bottle of 500 ml Liquid,"Apple Cider & Vinegar , Ayurveda , Hair Growth Supplements , Health Food and Drinks , Speciality Supplements",575,460,Bionova Lifesciences
Nectar Valley Arjuna Bark Powder,jar of 250 gm Powder,"Ayurveda , Herbs , Immunity Boosters , Arjuna (Cardiac Wellness)",495,495,Bionova Lifesciences
Nectar Valley Ashoka Bark Powder,jar of 250 gm Powder,"Ayurveda , Immunity Boosters",275,267,Bionova Lifesciences
Nectar Valley Ashwagandha Powder,jar of 250 gm Powder,"Immunity Boosters , Herbs , Ashwagandha (Immunity & Stress) , Ayurveda",350,333,Bionova Lifesciences
Nectar Valley Babool Phali Powder,jar of 250 gm Powder,"Immunity Boosters , Oral Care , Ayurveda",399,339,Bio Nova Pharmaceuticals Pvt Ltd
Nectar Valley Bitter Gourd Powder,jar of 200 gm Powder,"Ayurveda , Immunity Boosters , Herbs",299,289,Bionova Lifesciences
Nectar Valley Black Seed Oil,bottle of 500 ml Oil,"Sexual Wellness , Ayurveda",750,750,Bionova Lifesciences
Nectar Valley Brahmi Powder,jar of 250 gm Powder,"Herbs , Ayurveda",275,267,Bionova Lifesciences
Nectar Valley Bringaraj Powder,jar of 250 gm Powder,"Pain Relief , Ayurveda , Respiratory Care",357,321,Bionova Lifesciences
Nectar Valley Coconut Sugar Natural Sweetener,jar of 250 gm Powder,Ayurveda,320,275,Bionova Lifesciences
Nectar Valley Essential Oil,bottle of 30 ml Oil,"Ayurveda , Natural Hair & Skin Care",275,234,Bionova Lifesciences
Nectar Valley Eucalyptus Essential Oil,bottle of 30 ml Oil,"Natural Hair & Skin Care , Ayurveda , Pain Relief",275,249,Bionova Lifesciences
Nectar Valley Flax Seed Oil,bottle of 500 ml Oil,"Omega & Fish Oil , Flax Seel Oil",490,490,Bionova Lifesciences
Nectar Valley Frankincense Essential Oil,bottle of 30 ml Oil,"Ayurveda , Natural Hair & Skin Care",465,419,Bionova Lifesciences
Nectar Valley Geranium Essential Oil,bottle of 30 ml Oil,"Natural Hair & Skin Care , Ayurveda",799,599,Bionova Lifesciences
Nectar Valley Ginger Root Saunth Powder,jar of 250 gm Powder,"Ayurveda , Herbs , Immunity Boosters",350,309,Bionova Lifesciences
Nectar Valley Instant Ginger Tea,jar of 250 gm Powder,"Ayurveda , Anti Oxidant Supplements , Health Food and Drinks , Immunity Boosters , Herbs",280,259,Bionova Lifesciences
Nectar Valley Instant Lemon Grass Tea,jar of 250 gm Powder,"Ayurveda , Health Food and Drinks",285,259,Bionova Lifesciences
Nectar Valley Instant Masala Tea Powder,jar of 250 gm Powder,Health Food and Drinks,285,260,Bionova Lifesciences
Nectar Valley Jaggery Granules,jar of 250 gm Granules,Ayurveda,210,205,Bionova Lifesciences
Nectar Valley Jaggery Granules,jar of 500 gm Granules,Ayurveda,399,359,Bionova Lifesciences
Nectar Valley Jaggery Powder,jar of 250 gm Powder,"Ayurveda , Health Food and Drinks",150,142.5,Bionova Lifesciences
Nectar Valley Jaggery Powder,jar of 500 gm Powder,Ayurveda,280,254,Bionova Lifesciences
Nectar Valley Jajoba Essential Oil,bottle of 30 ml Oil,"Natural Hair & Skin Care , Ayurveda",275,243,Bionova Lifesciences
Nectar Valley Kalmegh Powder,jar of 250 gm Powder,"Ayurveda , Immunity Boosters",275,261,Bionova Lifesciences
Nectar Valley Kesar Badam Milk Powder,jar of 250 gm Powder,"Nutritional Drinks , Ayurveda",245,223,Bionova Lifesciences
Nectar Valley Kesar Badam Milk Powder,jar of 500 gm Powder,"Ayurveda , Nutritional Drinks",360,327,Bionova Lifesciences
Nectar Valley Lavender Essential Oil,bottle of 30 ml Oil,"Natural Hair & Skin Care , Ayurveda",250,229,Bionova Lifesciences
Nectar Valley Lemon Ginger Instant Ice Tea Mix,jar of 250 gm Powder,Health Food and Drinks,250,229,Bionova Lifesciences
Nectar Valley Mango Instant Drink,jar of 250 gm Powder,Nutritional Drinks,295,268,Bionova Lifesciences
Nectar Valley Mango Milk Shake Powder,jar of 250 gm Powder,"Ayurveda , Nutritional Drinks",265,225,Bionova Lifesciences
Nectar Valley Neem Leaf Powder,jar of 250 gm Powder,"Herbs , Ayurveda , Immunity Boosters",225,209,Bionova Lifesciences
Nectar Valley Orange Essential Oil,bottle of 30 ml Oil,"Ayurveda , Natural Hair & Skin Care",275,259,Bionova Lifesciences
Nectar Valley Palm Sugar Natural Sweetener,jar of 250 gm Powder,"Immunity Boosters , Health Food and Drinks , Ayurveda",330,300,Bionova Lifesciences
Nectar Valley Passion Fruit Instant Ice Tea Mix,jar of 250 gm Powder,Health Food and Drinks,250,219,Bionova Lifesciences
Nectar Valley Peach Instant Ice Tea Mix,jar of 250 gm Powder,Health Food and Drinks,250,227,Bionova Lifesciences
Nectar Valley Peppermint Essential Oil,bottle of 30 ml Oil,"Natural Hair & Skin Care , Respiratory Care , Ayurveda",380,342,Bionova Lifesciences
Nectar Valley Pista Milk Powder,jar of 250 gm Powder,"Nutritional Drinks , Ayurveda",265,225,Bionova Lifesciences
Nectar Valley Pomegranate Peel Powder,jar of 250 gm Powder,"Ayurveda , Immunity Boosters",250,213,Bionovics Pharmaceuticals Pvt Ltd
Nectar Valley Rose Milk Powder,jar of 250 gm Powder,"Ayurveda , Nutritional Drinks",265,241,Bionova Lifesciences
Nectar Valley Rosemary Essential Oil,bottle of 30 ml Oil,"Pain Relief , Ayurveda , Respiratory Care , Natural Hair & Skin Care",325,297,Bionova Lifesciences
Nectar Valley Shatavari Root Powder,jar of 250 gm Powder,"Immunity Boosters , Ayurveda , Herbs",375,338,Bionova Lifesciences
Nectar Valley Strawberry Milk Shake Powder,jar of 250 gm Powder,"Nutritional Drinks , Ayurveda",265,239,Bionova Lifesciences
Nectar Valley Tea Tree Essential Oil,bottle of 30 ml Oil,"Natural Hair & Skin Care , Ayurveda",450,399,Bionova Lifesciences
Nectar Valley Thandai Milk Shake Powder,jar of 250 gm Powder,"Nutritional Drinks , Ayurveda",265,241,Bionova Lifesciences
Nectar Valley Tomato Powder,jar of 250 gm Powder,"Ayurveda , Health Food and Drinks , Speciality Supplements",365,310,Bionova Lifesciences
Nectar Valley Triphala Powder,jar of 250 gm Powder,"Ayurveda , Herbs",275,249,Bionova Lifesciences
Nectar Valley Tulsi Powder,jar of 250 gm Powder,"Herbs , Ayurveda , Immunity Boosters",275,237,Bionova Lifesciences
Nectar Valley Watermelon Instant Drink,jar of 250 gm Powder,Nutritional Drinks,295,268,Bionova Lifesciences
Nectar Valley Wheatgrass Powder,jar of 250 gm Powder,"Ayurveda , Immunity Boosters",625,625,Bionova Lifesciences
Nectarea Sweet Light Drop,bottle of 30 ml Drop,Diabetes,200,170,Nectar Life Sciences Ltd (NLL)
Nector Immunity VItamin C Chewable Tablet Orange,bottle of 30 Chewable Tablets,"Anti Oxidant Supplements , Immunity Boosters , Vitamin C",299,145,Nector Foods Pvt Ltd
Nectworks Cinnamon-Infused Nature's Finest Himalayan Honey,bottle of 400 gm Paste,"Ayurveda , Health Food and Drinks",325,325,Nectwork Foods Private Limited
Nectworks Cinnamon-Infused Nature's Finest Himalayan Honey,jar of 250 gm Paste,"Ayurveda , Health Food and Drinks",199,199,Nectwork Foods Private Limited
Nectworks Multiflora Nature's Finest Himalayan Honey,bottle of 400 gm Paste,"Health Food and Drinks , Ayurveda",270,264,Nectwork Foods Private Limited
Nectworks Multiflora Nature's Finest Himalayan Honey,jar of 1 kg Paste,"Health Food and Drinks , Ayurveda",450,430,Nectwork Foods Private Limited
Nectworks Multiflora Nature's Finest Himalayan Honey,jar of 250 gm Paste,"Health Food and Drinks , Ayurveda",130,130,Nectwork Foods Private Limited
Nectworks Vanilla-Infused Nature's Finest Himalayan Honey,bottle of 400 gm Paste,"Ayurveda , Health Food and Drinks",325,315,Nectwork Foods Private Limited
Nectworks Vanilla-Infused Nature's Finest Himalayan Honey,jar of 250 gm Paste,"Ayurveda , Health Food and Drinks",199,199,Nectwork Foods Private Limited
Needfol Tablet,strip of 10 tablets,Vitamin and Supplements,119,119,Sambrik Medisciences Pvt Ltd
Needfol-D Softgels,strip of 10 soft gelatin capsules,"Vitamin and Supplements , Multivitamins",139,122,Sambrik Medisciences Pvt Ltd
Neefree Tablet,strip of 10 tablets,Fitness and Supplements,99.5,99.5,Prescription Medicines Pvt Ltd
Neelibhringadi Keram,bottle of 200 ml Oil,"Hair Oils , Natural Hair & Skin Care",415,415,Averdynm Herbals Pvt Ltd
Neem Ras,bottle of 500 ml Syrup,"Summer Essentials , Herbs",175,175,Afflatus Pharmaceuticals Pvt Ltd
Neem and Aloevera Soap,packet of 100 gm Soap,Bath Essentials,50,50,Afflatus Pharmaceuticals Pvt Ltd
Neem-Ever Gel,jar of 100 gm Gel,Natural Hair & Skin Care,130,130,Afflatus Pharmaceuticals Pvt Ltd
Neemalo Soap,packet of 75 gm Soap,Bath Essentials,82,78,Cipla Ltd
Neemol Tablet,bottle of 60 tablets,"Herbs , Kidney Care , Ayurveda Top Brands",150,145.5,Vaidic Wellness Products
Neeri  Tablet,strip of 30 tablets,"Health Conditions , Ayurveda Top Brands , Ayurveda , Kidney Care",155,132,Aimil Pharmaceuticals India Ltd
Neeri KFT  Sugar Free Syrup,bottle of 200 ml Syrup,"Ayurveda , Covid Test & Prevention , Health Conditions , Kidney Care , Ayurveda Top Brands",595,505,Aimil Pharmaceuticals India Ltd
Neeri Syrup,bottle of 100 ml Syrup,"Ayurveda , Ayurveda Top Brands , Kidney Care",149,143,Aimil Pharmaceuticals India Ltd
Neeri Syrup,bottle of 200 ml Syrup,"Ayurveda , Health Conditions , Kidney Care , Ayurveda Top Brands",259,220,Aimil Pharmaceuticals India Ltd
Nefical Tablet,strip of 10 tablets,"Bone, Joint & Muscle Care , Vitamin and Supplements",89,76,Neovae Pharma
Nefid Capsule,bottle of 120 capsules,"Ayurveda , Kidney Care",300,300,
Nefita Tablet,strip of 10 tablets,"Women Care , Women Care Supplements , Vitamin and Supplements , Mother Care",132,117,Steadfast Medishield Pvt Ltd
Nefmax -CT Capsule,box of 10 capsules,Vitamin and Supplements,100,95,Hospimax Healthcare Pvt Ltd
Nefroliv Capsule,strip of 20 capsules,Ayurveda,130,130,Indian Herbs Specialities Pvt Ltd
Nefromax Tablet,strip of 10 tablets,Kidney Care,190,162,Winmark Pharmaceuticals Pvt Ltd
Nefromega Forte Capsule,strip of 10 capsules,Heart Care,175,158,Alniche Life Sciences Pvt Ltd
Nefromega Soft Gelatin Capsule,strip of 10 soft gelatin capsules,Heart Care,140,124,Alniche Life Sciences Pvt Ltd
Nefron Syrup,bottle of 200 ml Syrup,Kidney Care,110,110,Ethix Industries Inc
Nefronac D3 Tablet,strip of 10 tablets,"Amino Acids , Protein Supplements , Vitamin and Supplements",153,135,
Nefrosyp Syrup,bottle of 200 ml Syrup,"Ayurveda , Kidney Care",298,280,
Neftab Tablet,strip of 10 tablets,Vitamin and Supplements,97,82,Origin Health Care Pvt Ltd
Neftriol Tablet,strip of 10 tablets,Vitamin and Supplements,99,87,Ritz Pharma
Nefvit Plus Tablet,strip of 10 tablets,Vitamin and Supplements,140,133,Nephurocare Pharma Pvt Ltd
Neko Daily Hygiene Soap,packet of 100 gm Soap,"Skin Care , Bath Essentials , Acne Care",65,53,
Neko Germ Protection Wipes,packet of 30 wipes,Covid Test & Prevention,99,66,Piramal Enterprises Ltd
Neko Germ Protection Wipes,packet of 80 wipes,"Sanitizers & handwash , Sanitizer & Handwash Products , Skin Care",199,139,Piramal Enterprises Ltd
Nelcal Tablet,strip of 15 tablets,Fitness and Supplements,75,64,Noel Pharma India Pvt Ltd
Nelik Tablet,strip of 10 tablets,Vitamin and Supplements,14,14,Oneiro Pharmaceuticals
Nelofar AC Tablet,strip of 10 tablets,"Fitness and Supplements , Vitamin and Supplements",74,63,Neuro Pharma GmbH
Nelofer Z Tablet,strip of 10 tablets,"Vitamin and Supplements , Ayurveda",26,25,Neuro Pharma GmbH
Nemisorb 14.5X16cm  Bandage,packet of 10 bandages,Doctor's Corner,3250,3175,Mil Laboratories Pvt Ltd
Nemisorb 9Cmx11cm Bandage,packet of 10 bandages,Doctor's Corner,2100,2050,Millennial Healthtech Private Limited
Neo Ferritin Tablet,strip of 10 tablets,Vitamin and Supplements,37.5,37,Shield Health Care Pvt Ltd
Neo Gold Tablet,strip of 10 tablets,Vitamin and Supplements,230,196,TWF Technologies Pvt. Ltd.
Neo N-vit Soft Gelatin Capsule,strip of 15 soft gelatin capsules,Vitamin and Supplements,171.9,162,Ind Swift Laboratories Ltd
Neo Sanjivani Virgin Coconut Oil,jar of 400 ml Oil,"Ayurveda , Health Food and Drinks , Natural Hair & Skin Care",449,435.53,"NeoStrata Company, Inc"
Neo Tablet,bottle of 75 tablets,"Sexual Health Supplements , Ayurveda , Personal Care , Sexual Wellness , Men Care",135,116,Charak Pharma Pvt Ltd
Neo-D3 Nano Shot Mango Sugar Free,bottle of 5 ml Oral Solution,"Bone, Joint & Muscle Care",75,66,Brio Wellness
Neo-D3 Softgel Capsule,strip of 4 soft gelatin capsules,"Vitamin and Supplements , Bone, Joint & Muscle Care",96,82,Brio Wellness
NeoLact MMF Sachet (1gm Each),box of 10 Sachets,Baby Care,3130,3130,NeoLacta Lifesciences Pvt Ltd
NeoLact MMF Sachet (1gm Each),box of 25 Sachets,Baby Care,7825,7825,NeoLacta Lifesciences Pvt Ltd
NeoLacta PHBM Standardised & Pasteurised Human Breast Milk Powder (6gm Each),box of 6 bottles,Baby Care,5400,5400,NeoLacta Lifesciences Pvt Ltd
Neobone Tablet,strip of 15 tablets,"Bone, Joint & Muscle Care , Vitamin and Supplements",132,122,Sumac Pharma Pvt Ltd
Neocal -K2-7 Tablet,strip of 10 tablets,Vitamin and Supplements,205,205,Neolina Pharmaceuticals
Neocate LCP Infant Formula Powder,box of 400 gm Powder,Baby Care,3300,3300,Nutricia International Pvt Ltd
Neodex Syrup,bottle of 200 ml Syrup,"Fitness and Supplements , Vitamin and Supplements",78,73,Cipla Ltd
Neofert-F Tablet,strip of 10 tablets,"Vitamin and Supplements , Mineral Supplements , Multivitamins , Protein Supplements",274,274,Aquver Pharma Private Limited
Neofert-M Tablet,strip of 10 tablets,"Protein Supplements , Amino Acids , Vitamin and Supplements , Mineral Supplements , Men Care",311,311,Aquinnova Pharmaceuticals Private Limited
Neoflam Tablet,strip of 10 tablets,"Bone, Joint & Muscle Care",200,170,Pristyn
Neoflora Capsule,strip of 10 capsules,"Speciality Supplements , Pre & Pro Biotics , Stomach Care",105,98,
Neofresh Syrup Pineapple,bottle of 200 ml Syrup,"Vitamins A-Z , Mineral Supplements , Speciality Supplements , Anti Oxidants , Immunity Boosters , Vitamin C , Vitamin and Supplements",111.8,95,Neobeat Healthcare Pvt Ltd
Neogadine Drop,packet of 15 ml Drop,Vitamin and Supplements,70,62,Raptakos Brett & Co Ltd
Neogadine Elixir,bottle of 300 ml Elixir,"Stomach Care , Vitamin and Supplements",210,186,
Neogadine Mikros Liquid,bottle of 100 ml Liquid,"Vitamin and Supplements , Stomach Care",130,106,
Neogadine SG Syrup,bottle of 300 ml Syrup,Vitamin and Supplements,215,179,
Neogadine Syrup,bottle of 450 ml Syrup,"Stomach Care , Vitamin and Supplements",287,254,Raptakos Brett & Co Ltd
Neogain Powder Condensed Milk,box of 200 gm Powder,"Fitness and Supplements , Vitamin and Supplements , Stomach Care",529,503,B V Bio Corp Pvt Ltd
Neokeed Baby Oil,bottle of 100 ml Oil,"Baby Care , Baby Skin Care",72.05,63,Remember India Medicos
Neokeed Soap,packet of 80 gm Soap,Bath Essentials,34.7,31,Remember India Medicos
Neolac Forte Tablet,strip of 10 tablets,"Pre & Pro Biotics , Stomach Care , Speciality Supplements",14.8,14,Kentreck Laboratories Pvt Ltd
Neolax Suspension,bottle of 170 ml Suspension,Stomach Care,60,56,Royal Labs
Neomust Forte  Tablet,strip of 10 tablets,"Vitamin and Supplements , Dr. Morepen",200,186,Morepen Laboratories Ltd
Neomust Tablet,strip of 10 tablets,"Dr. Morepen , Vitamin and Supplements",160,149,Morepen Laboratories Ltd
Neon Plus NH01 Diabocura Drop,bottle of 30 ml Drop,"Homeopathy , Diabetic Medicine , Homeopathy Medicines",399,299,Neon Homoeopathy
Neon Plus NH02 Thyrocura Drop,bottle of 30 ml Drop,Homeopathy,399,299,Neon Homoeopathy
Neon Plus NH08 Snorcura Drop,bottle of 30 ml Drop,Homeopathy,399,299,Neon Homoeopathy
Neon Plus NH09 Gascura Drop,bottle of 30 ml Drop,"Stomach Care , Homeopathy",299,224,Neon Homoeopathy
Neon Plus NH15 Pilecura Drop,bottle of 30 ml Drop,"Piles, Fissures & Fistula , Homeopathy",399,299,Neon Homoeopathy
Neon Plus NH22 Migracura Drop,bottle of 30 ml Drop,"Pain Relief , Homeopathy",299,224,Neon Homoeopathy
Neon Plus NH33 Asthmacura Drop,bottle of 30 ml Drop,Homeopathy,299,224,Neon Homoeopathy
Neon Plus NH34 Fevercura Drop,bottle of 30 ml Drop,"Fever , Homeopathy",249,187,Neon Laboratories Ltd
Neon Plus NH36 Sinuscura Drop,bottle of 30 ml Drop,Homeopathy,399,299,Neon Homoeopathy
Neon Plus NH37 Flucura Drop,bottle of 30 ml Drop,Homeopathy,399,299,Neon Homoeopathy
Neon Plus NH38 Coughcura Drop,bottle of 30 ml Drop,Homeopathy,399,299,Neon Homoeopathy
Neon Plus NH43 Mensipaincura Drop,bottle of 30 ml Drop,Homeopathy,399,299,Neon Homoeopathy
Neon Plus NH55 Joinpaincura Drop,bottle of 30 ml Drop,"Homeopathy , Pain Relief",249,187,Neon Homoeopathy
Neon Plus NH57 Multi-Vitcura Drop,bottle of 30 ml Drop,Homeopathy,299,224,Neon Homoeopathy
Neon Plus NH61 Immunoboost Drop,bottle of 30 ml Drop,Homeopathy,399,299,Neon Homoeopathy
Neon Plus NH63 Pcodcura Drop,bottle of 30 ml Drop,Homeopathy,299,224,Neon Homoeopathy
Neon Plus NH67 Bakpaincura Drop,bottle of 30 ml Drop,"Homeopathy , Pain Relief",249,187,Neon Homoeopathy
Neon Plus NH69 Romance-Fullon Drop,bottle of 30 ml Drop,Homeopathy,599,449,Neon Homoeopathy
Neonate Care Insta Dry Sheet Large Maroon,packet of 1 Sheet,Baby Care,599,599,Patroncare Pvt Ltd
Neonate Care Insta Dry Sheet Large Navy Blue,packet of 1 Sheet,Baby Care,599,599,Patroncare Pvt Ltd
Neonate Care Insta Dry Sheet Medium Maroon,packet of 1 Sheet,Baby Care,329,329,Patroncare Pvt Ltd
Neonate Care Insta Dry Sheet Medium Navy Blue,packet of 1 Sheet,Baby Care,329,329,Patroncare Pvt Ltd
Neonate Care Insta Dry Sheet Medium Pink,packet of 1 Sheet,Baby Care,329,322.42,Patroncare Pvt Ltd
Neonate Care Insta Dry Sheet Small Maroon,packet of 1 Sheet,Baby Care,185,185,Patroncare Pvt Ltd
Neonate Care Insta Dry Sheet Small Navy Blue,packet of 1 Sheet,Baby Care,185,185,Patroncare Pvt Ltd
Neonate Care Insta Dry Sheet Small Pink,packet of 1 Sheet,Baby Care,185,185,Patroncare Pvt Ltd
Neonate Care Pulse Oximeter Black,box of 1 Unit,"Pulse Oximeter , Oximeters & Pedometers , Heart Care , Respiratory Care",1990,1294,Patroncare Pvt Ltd
Neonate Care Pulse Oximeter Blue,box of 1 Unit,"Heart Care , Respiratory Care , Pulse Oximeter , Oximeters & Pedometers",1290,1049,Patroncare Pvt Ltd
Neonate Care Pulse Oximeter Grey,box of 1 Unit,"Pulse Oximeter , Oximeters & Pedometers , Heart Care , Respiratory Care",1990,1990,Patroncare Pvt Ltd
Neonate Care Pulse Oximeter Multicolor,box of 1 Unit,"Heart Care , Pulse Oximeter , Oximeters & Pedometers , Respiratory Care",1990,1990,Patroncare Pvt Ltd
Neonate Care Reusable Cloth Diaper with Diaper Inserts Blue,packet of 1 Diaper,"Diapers & Wipes , Baby Care",499,469,Patroncare Pvt Ltd
Neonate Care Reusable Cloth Diaper with Diaper Inserts Pink,packet of 1 Diaper,"Diapers & Wipes , Baby Care",499,459,Patroncare Pvt Ltd
Neopeptine Capsule,strip of 10 capsules,"Stomach Care , Ayurveda",67.5,66,Raptakos Brett & Co Ltd
Neopeptine D Syrup,bottle of 60 ml Syrup,Stomach Care,94,80,Raptakos Brett & Co Ltd
Neopeptine Drop,bottle of 15 ml Drop,"Stomach Care , Health Conditions , Ayurveda",101,99,Raptakos Brett & Co Ltd
Neopeptine Liquid,bottle of 100 ml Oral Liquid,Stomach Care,154,137,
Neopeptine Liquid,bottle of 60 ml Oral Liquid,Stomach Care,115,97,
Neosight DHA Syrup,bottle of 150 ml Syrup,"Vitamin and Supplements , Mental Wellness",290,276,Vyonics Health Care Pvt Ltd
Neosight-Plus Capsule,strip of 10 soft gelatin capsules,"Ear Care , Eye Care",250,218,Vyonics Health Care Pvt Ltd
Neoskin Cream,tube of 50 gm Cream,"Skin Care , Personal Care",510,487,Curatio Healthcare India Pvt Ltd
Neosmile Drop,packet of 10 ml Drop,Stomach Care,115,102,Mankind Pharma Ltd
Neostreta MD Tablet,box of 30 tablets,"Vitamin C , Speciality Supplements , Protein Supplements , Vitamin and Supplements",2700,2700,Aclaris Therapeutics Inc.
Neostreta Tablet,box of 30 tablets,"Vitamin and Supplements , Speciality Supplements , Vitamin C , Protein Supplements",2700,2700,Aclaris Therapeutics Inc.
Neoteri Baby Oral Drops,bottle of 5 ml Oral Drops,"Stomach Care , Pre & Pro Biotics , Baby Healthcare , Baby Care , Speciality Supplements",495,495,Eshbilords Pharmaceuticals
Neotomic Enema,bottle of 20 ml Liquid,Stomach Care,73.5,65,
Neotral Powder Orange,sachet of 20.5 gm Powder,"Vitamin and Supplements , Stomach Care",15,15,PSI India Pvt Ltd
Neoultra-CD Tablet,strip of 10 tablets,Vitamin and Supplements,380,331,Nuorik Healthcare
Neovel Soft Gelatin Capsule,box of 100 soft gelatin capsules,"Mental Wellness , Vitamin and Supplements",1380,1256,Andro Lifecare Pharma
Neowell Baby Diaper Small,packet of 10 diapers,"Diapers & Wipes , Baby Care",135,135,Eshbilords Pharmaceuticals
Neowell Baby Nasal Aspirator,packet of 1 Unit,"Baby Care , Baby Healthcare",225,225,Eshbilords Pharmaceuticals
Neowell Extra Soft Baby Wipes for Normal Skin,packet of 25 wipes,"Baby Care , Diapers & Wipes",82,82,Eshbilords Pharmaceuticals
Neowell Growth Oral Drops,bottle of 30 ml Oral Drops,"Amino Acids , Mineral Supplements , Vitamin and Supplements , Multivitamins , Vitamin C , Protein Supplements",95,95,Eshbilords Pharmaceuticals
Neowell New Born Baby Diaper Small,packet of 10 diapers,"Baby Care , Diapers & Wipes",125,125,Eshbilords Pharmaceuticals
Neowell Softaz Baby Massage Oil,bottle of 100 ml Oil,"Natural Hair & Skin Care , Baby Care , Ayurveda",160,160,Eskag Pharma Pvt Ltd
Neoximin Softgel Capsules,strip of 10 soft gelatin capsules,Vitamin and Supplements,79,67,Red Planet Pharmaceuticals
Neoziv Syrup,bottle of 200 ml Syrup,Fitness and Supplements,47.31,42,Kim Lab
Nepal's Yarshagumba Capsule,bottle of 25 capsules,"Sexual Wellness , Men Care",5000,3200,Dr Cure Pharmaceuticals India Pvt Ltd
Nephcute Tablet,strip of 10 tablets,Heart Care,698,628.2,Plasoron biotech
Nephro MV Capsule,strip of 10 capsules,"Vitamin and Supplements , Multivitamins",99,99,Medgenix Pharma India Pvt Ltd
Nephro MV Tablet,strip of 10 tablets,Vitamin and Supplements,99,87,Medgenix Pharma India Pvt Ltd
Nephro Q10 Soft Gelatin Capsule,packet of 10 soft gelatin capsules,Vitamin and Supplements,397,397,Calren Care Lifesciences Pvt Ltd
Nephrocaps Capsule,strip of 15 capsules,Fitness and Supplements,135.2,120,Torrent Pharmaceuticals Ltd
Nephrol Syrup,bottle of 450 ml Syrup,Kidney Care,290,276,Mahhaguru Navgrah Private Ltd
Nephrotop Capsule,strip of 10 capsules,Fitness and Supplements,58,58,Tenet Healthcare
Nephvit Tablet,strip of 10 tablets,Vitamin and Supplements,120,108,Celecon Pharmaceutical Pvt Ltd
Nepro HP Powder Vanilla Toffee,jar of 400 gm Powder,"Kidney Care , Nutritional Drinks , Abbott Nutrition , Vitamin and Supplements",1020,969,
Nepro Vanilla Toffee LP Powder,jar of 400 gm Powder,"Health Conditions , Vitamin and Supplements , Abbott Nutrition , Kidney Care",955,907,Abbott Healthcare Private Limited
Neptune BS 12 Battery Operated Outdoor Sanitizing Machine,box of 1 Unit,Covid Test & Prevention,4800,4800,Neptune Life Sciences Pvt Ltd
Neptunex -D3 Tablet,strip of 15 tablets,Vitamin and Supplements,88,75,Carmentis Health Care
Neptunex -K2 Tablet,strip of 10 tablets,"Bone, Joint & Muscle Care",188,160,Carmentis Health Care
Nermin Capsule,strip of 10 capsules,Vitamin and Supplements,160,136,Royal Research Lab Pvt Ltd
Neromet Tablet,strip of 10 tablets,Vitamin and Supplements,180,153,Gms Biomax Medicare Pvt Ltd
Neromet-Plus Tablet,strip of 10 tablets,Vitamin and Supplements,333,290,Gms Biomax Medicare Pvt Ltd
Nerv M Disintegrating Strip,packet of 10 disintegrating strips,Vitamin and Supplements,153.7,131,RPG Life Sciences Ltd
Nervana Micronized Grade Palmitoylethanolamide (PEA) 400mg Nerve & Muscle Pain Relief Supplement Capsule,box of 30 capsules,Pain Relief,779.97,702,Leewell Pharmaceuticals Pvt Ltd
Nerve Plus Capsule,strip of 10 capsules,"Mental Wellness , Vitamin and Supplements",198,178,Ultrachem Pharmaceuticals
Nerve-Q Tablet,strip of 10 tablets,Vitamin and Supplements,850,723,Vibcare Pharma Pvt Ltd
Nervebright Tablet,packet of 10 tablets,Vitamin and Supplements,160,152,Red Planet Pharmaceuticals
Nervecap B Capsule,strip of 10 capsules,Fitness and Supplements,185,172,Wonset Healthcare Pvt Ltd
Nervee CD3 Tablet,strip of 10 tablets,"Mental Wellness , Mineral Supplements , Vitamin and Supplements",249,224,Talent India 
Nervegates Tablet,strip of 10 tablets,Vitamin and Supplements,175,175,Lifepure Labs Pvt Ltd
Nerveheal Capsule,strip of 10 capsules,Mental Wellness,489,460,Cellgen Biopharma
Nerveklin Tablet,bottle of 30 tablets,Vitamin and Supplements,540,459,Klingen Life Sciences Pvt Ltd
Nervend Tablet,strip of 10 tablets,Vitamin and Supplements,119,113,Rhine Biogenics Pvt Ltd
Nervenext Tablet,box of 10 tablets,Vitamin and Supplements,140,123,Alixar Healthcare Pvt Ltd
Nervenext-CZ Tablet,strip of 10 tablets,"Vitamin and Supplements , Mineral Supplements",120,120,Alixar Healthcare Pvt Ltd
Nerveplus LC Capsule,strip of 10 capsules,Vitamin and Supplements,218,206,Ultrachem Pharmaceuticals
Nerverich Capsule,strip of 10 capsules,Mental Wellness,250,226,Indchemie Health Specialities Pvt Ltd
Nervheal Tablet,strip of 10 tablets,Fitness and Supplements,115,108,Vintage Labs Pvt Ltd
Nervic Syrup Sugar Free,bottle of 200 ml Syrup,Vitamin and Supplements,140,140,Unimarck Pharma India Ltd
Nervic-OD Capsule,strip of 10 capsules,Fitness and Supplements,132,120,Unimarck Pharma India Ltd
Nervic-Plus Tablet,strip of 15 tablets,Vitamin and Supplements,93,82,Unimarck Pharma India Ltd
Nervicharge D Tablet,strip of 10 tablets,"Women Care , Fitness and Supplements , Vitamin and Supplements",180,165,Nexina Life Sciences Pvt Ltd
Nervicin Capsule,strip of 10 capsules,Vitamin and Supplements,135,135,
Nerviday Soft Gelatin Capsule,strip of 10 soft gelatin capsules,Vitamin and Supplements,149,127,Aareen Healthcare Pvt Ltd
Nervifair Tablet,strip of 10 tablets,Vitamin and Supplements,320,272,Fair Ford Pharmaceuticals
Nervigard XL Capsule,strip of 10 capsules,Fitness and Supplements,149.9,143,Organic Laboratories
Nervigesic Plus Tablet,strip of 10 tablets,Vitamin and Supplements,61.9,61.9,Indian Pharmaceuticals
Nervigest Tablet,strip of 10 tablets,Ayurveda,99,99,Roman Healthcare Pvt Ltd
Nervihenz Tablet,strip of 10 tablets,Vitamin and Supplements,146.5,130,Metalis Lifesciences Pvt Ltd
Nervijen-D Capsule,strip of 10 capsules,"Fitness and Supplements , Vitamin and Supplements",248,219,Jenburkt Pharmaceuticals Ltd
Nervilon Tablet,strip of 10 tablets,Vitamin and Supplements,95,90,CGN Lifesciences Private Limited
Nervique Plus Capsule,strip of 10 capsules,Vitamin and Supplements,225,194.6,Resilient Cosmecueticals Pvt Ltd
Nerviroz 5G Soft Gelatin Capsule,strip of 10 soft gelatin capsules,Vitamin and Supplements,179.8,174,Santeforeva Healthcare Pvt Ltd
Nervisal Syrup,bottle of 200 ml Syrup,"Mental Wellness , Ayurveda",220,220,Salvus Pharma
Nervistal Plus Capsule,strip of 10 capsules,Fitness and Supplements,110,94,Stallion Laboratories Pvt Ltd
Nervistal Syrup,bottle of 200 ml Syrup,Vitamin and Supplements,120,115,
Nervistal Tablet,strip of 10 tablets,Vitamin and Supplements,90,79,
Nervistar Syrup,bottle of 200 ml Syrup,Vitamin and Supplements,160,160,Unistar Biotech Ltd
Nervistar-OD Capsule,strip of 10 capsules,Vitamin and Supplements,140,140,Unistar Biotech Ltd
Nervisun Tablet,strip of 10 tablets,Fitness and Supplements,145,136,Gerrysun Pharmaceuticals Pvt Ltd
Nervit Syrup,bottle of 200 ml Syrup,Fitness and Supplements,96.5,90,Kivi Labs Ltd
Nervital Tablet,strip of 10 tablets,Ayurveda,61.48,58,Paras Pharmaceuticals Ltd
Nervitone Syrup,bottle of 200 ml Syrup,"Vitamin and Supplements , Stomach Care",39.31,35,Alembic Pharmaceuticals Ltd
Nerviz-CD3 Tablet,strip of 10 tablets,Vitamin and Supplements,224,213,Diligence Pharma
Nervoba Ala Capsule,strip of 10 capsules,Vitamin and Supplements,139,132,Solace Biotech Ltd
Nervomin 1500mcg Tablet,strip of 10 tablets,Fitness and Supplements,95,84,Oxford Pharmaceuticals Pvt Ltd
Nervomin 500mcg Tablet,strip of 10 tablets,Fitness and Supplements,50,44,Oxford Pharmaceuticals Pvt Ltd
Nervon Forte Capsule,strip of 10 capsules,"Vitamin and Supplements , Fitness and Supplements",249.9,221,
Nervup Forte Capsule,strip of 10 capsules,Fitness and Supplements,184.29,163,Abbott
Nervz Capsule,strip of 10 capsules,Vitamin and Supplements,179,139,
Nervz D Tablet,strip of 10 tablets,Vitamin and Supplements,143,127,Intas Pharmaceuticals Ltd
Nervz-B Capsule,strip of 10 capsules,"Mental Wellness , Fitness and Supplements",193,164,Intas Pharmaceuticals Ltd
Nerwave Plus Tablet,strip of 10 tablets,"Mineral Supplements , Vitamin and Supplements , Vitamin C , Anti Oxidant Supplements , Immunity Boosters",210,191,Axonwave Pharmaceuticals Private Limited
Nerwita Gold Soft Gelatin Capsule,strip of 10 soft gelatin capsules,Vitamin and Supplements,220,213,Saksham Pharmaceuticals India Ltd
Nerwita Max Soft Gelatin Capsule,strip of 10 soft gelatin capsules,Vitamin and Supplements,300,273,Saksham Pharmaceuticals India Ltd
Nerzip Forte Capsule,strip of 10 capsules,Fitness and Supplements,450,437,Miraj Biotech
Nescal -D Soft Gelatin Capsule,strip of 10 soft gelatin capsules,Fitness and Supplements,160,136,
Nescal -FL Sachet,packet of 5 gm Granules,"Bone, Joint & Muscle Care",42,37,Fitwel Pharmaceuticals Private Limited
Nescal -K2 Soft Gelatin Capsule,strip of 10 soft gelatin capsules,Vitamin and Supplements,175,149,Fitwel Pharmaceuticals Private Limited
Nescal -MZ Syrup,bottle of 200 ml Syrup,Vitamin and Supplements,90,77,Fitwel Pharmaceuticals Private Limited
Nescal -MZ Tablet,strip of 10 tablets,"Vitamin and Supplements , Bone, Joint & Muscle Care",50,44,Fitwel Pharmaceuticals Private Limited
Nescal D Soft Gelatin Capsule,strip of 4 soft gelatin capsules,"Bone, Joint & Muscle Care",100,87,Fitwel Pharmaceuticals Private Limited
Nesfer Plus  Tablet,strip of 10 tablets,"Ayurveda , Vitamin and Supplements",28.5,27,Nestor Pharmaceuticals
Nesnase Tablet,strip of 10 tablets,Fitness and Supplements,28.22,28.22,Nestor Pharmaceuticals
Nestle Alfamino Powder,Tin of 400 gm Powder,Baby Care,3299,3299,Nestle India Ltd
Nestle Baby & ME Powder Vanilla,Tin of 400 gm Powder,"Baby Care , Nutritional Drinks , Women Care",480,465,Nestle India Ltd
Nestle Ceregrow Multigrain Cereal with Milk & Fruits from 3 to 6 Years New Pack Design,box of 300 gm Powder,"Nutritional Drinks , Baby Care",303,303,Nestle India Ltd
Nestle Ceregrow Multigrain Cereal with Milk & Fruits,box of 300 gm Powder,"Baby Care , Nutritional Drinks",297,283,Nestle India Ltd
Nestle Ceregrow NutriPuffs Banana & Orange,packet of 50 gm Powder,"Baby Care , Nutritional Drinks",89,89,Nestle India Ltd
Nestle Cerelac 3 Cereals with Milk From 8Months,Tin of 400 gm Powder,Baby Care,3279,3279,Nestle India Ltd
Nestle Cerelac Baby Cereal with Milk 10 Months+ Wheat Honey Dates,box of 300 gm Powder,Baby Care,278,278,Nestle India Ltd
Nestle Cerelac Baby Cereal with Milk 10 Months+ Wheat Rice Mix Fruit,box of 300 gm Powder,Baby Care,269,269,Nestle India Ltd
Nestle Cerelac Baby Cereal with Milk 10 Months+ Wheat-Rice Mixed Veg,box of 300 gm Powder,Baby Care,278,278,Nestle India Ltd
